Number,Date&Time,ms,CH1,CH2,CH3
NO.,Time,ms,degC,degC,degC
1,22/01/2021 10:55,0,21.6,20.8,21.5
2,22/01/2021 10:55,500,21.7,20.8,21.6
3,22/01/2021 10:55,0,21.6,20.8,21.6
4,22/01/2021 10:55,500,21.7,20.9,21.6
5,22/01/2021 10:55,0,21.6,20.8,21.6
6,22/01/2021 10:55,500,21.7,20.8,21.6
7,22/01/2021 10:55,0,21.7,20.9,21.6
8,22/01/2021 10:55,500,21.7,20.9,21.6
9,22/01/2021 10:55,0,21.7,20.9,21.6
10,22/01/2021 10:55,500,21.7,20.8,21.6
11,22/01/2021 10:55,0,21.7,20.9,21.6
12,22/01/2021 10:55,500,21.7,20.8,21.6
13,22/01/2021 10:55,0,21.6,20.8,21.6
14,22/01/2021 10:55,500,21.7,20.8,21.6
15,22/01/2021 10:55,0,21.7,20.8,21.7
16,22/01/2021 10:55,500,21.7,20.8,21.6
17,22/01/2021 10:55,0,21.7,20.8,21.7
18,22/01/2021 10:55,500,21.7,20.9,21.6
19,22/01/2021 10:55,0,21.7,20.8,21.7
20,22/01/2021 10:55,500,21.8,20.9,21.7
21,22/01/2021 10:55,0,21.8,20.9,21.8
22,22/01/2021 10:55,500,21.7,21,21.7
23,22/01/2021 10:55,0,21.8,21,21.8
24,22/01/2021 10:55,500,21.8,21,21.8
25,22/01/2021 10:55,0,21.8,21,21.8
26,22/01/2021 10:55,500,21.8,21,21.8
27,22/01/2021 10:55,0,21.8,21,21.8
28,22/01/2021 10:55,500,21.8,21,21.8
29,22/01/2021 10:55,0,21.7,21,21.8
30,22/01/2021 10:55,500,21.8,21,21.8
31,22/01/2021 10:55,0,21.7,21,21.7
32,22/01/2021 10:55,500,21.8,21,21.7
33,22/01/2021 10:55,0,21.8,21,21.7
34,22/01/2021 10:55,500,21.7,21,21.8
35,22/01/2021 10:55,0,21.8,21,21.7
36,22/01/2021 10:55,500,21.7,20.9,21.7
37,22/01/2021 10:55,0,21.8,21,21.6
38,22/01/2021 10:55,500,21.7,21,21.6
39,22/01/2021 10:55,0,21.8,21,21.6
40,22/01/2021 10:55,500,21.8,21,21.6
41,22/01/2021 10:55,0,21.8,21,21.6
42,22/01/2021 10:55,500,21.8,21,21.6
43,22/01/2021 10:55,0,21.8,21,21.6
44,22/01/2021 10:55,500,21.8,20.9,21.6
45,22/01/2021 10:55,0,21.6,20.9,21.6
46,22/01/2021 10:55,500,21.8,20.9,21.6
47,22/01/2021 10:55,0,21.7,20.8,21.5
48,22/01/2021 10:55,500,21.7,20.9,21.6
49,22/01/2021 10:55,0,21.8,20.9,21.6
50,22/01/2021 10:55,500,21.8,20.9,21.6
51,22/01/2021 10:55,0,21.8,20.9,21.6
52,22/01/2021 10:55,500,21.8,20.9,21.6
53,22/01/2021 10:55,0,21.8,21,21.7
54,22/01/2021 10:55,500,21.8,21,21.7
55,22/01/2021 10:55,0,21.8,21,21.7
56,22/01/2021 10:55,500,21.8,21,21.7
57,22/01/2021 10:55,0,21.8,21,21.6
58,22/01/2021 10:55,500,21.8,21,21.6
59,22/01/2021 10:55,0,21.8,21,21.6
60,22/01/2021 10:55,500,21.8,21,21.6
61,22/01/2021 10:55,0,21.8,21,21.6
62,22/01/2021 10:55,500,21.8,21,21.6
63,22/01/2021 10:55,0,21.8,20.9,21.6
64,22/01/2021 10:55,500,21.8,21,21.6
65,22/01/2021 10:55,0,21.8,21,21.6
66,22/01/2021 10:55,500,21.8,21,21.6
67,22/01/2021 10:55,0,21.8,21,21.6
68,22/01/2021 10:55,500,21.8,21,21.6
69,22/01/2021 10:55,0,21.8,21,21.6
70,22/01/2021 10:55,500,21.8,21,21.6
71,22/01/2021 10:55,0,21.8,21,21.6
72,22/01/2021 10:55,500,21.8,21,21.6
73,22/01/2021 10:55,0,21.8,21,21.6
74,22/01/2021 10:55,500,21.8,20.9,21.6
75,22/01/2021 10:55,0,21.8,21,21.6
76,22/01/2021 10:55,500,21.8,21,21.6
77,22/01/2021 10:55,0,21.8,20.9,21.6
78,22/01/2021 10:55,500,21.8,21,21.6
79,22/01/2021 10:55,0,21.8,20.9,21.6
80,22/01/2021 10:55,500,21.8,20.9,21.6
81,22/01/2021 10:55,0,21.8,20.9,21.6
82,22/01/2021 10:55,500,21.8,21,21.6
83,22/01/2021 10:56,0,21.8,20.9,21.6
84,22/01/2021 10:56,500,21.8,21,21.6
85,22/01/2021 10:56,0,21.8,20.9,21.6
86,22/01/2021 10:56,500,21.7,20.9,21.6
87,22/01/2021 10:56,0,21.8,20.9,21.6
88,22/01/2021 10:56,500,21.8,20.9,21.6
89,22/01/2021 10:56,0,21.8,20.9,21.5
90,22/01/2021 10:56,500,21.8,20.8,21.6
91,22/01/2021 10:56,0,21.8,20.8,21.5
92,22/01/2021 10:56,500,21.8,20.9,21.5
93,22/01/2021 10:56,0,21.8,20.9,21.5
94,22/01/2021 10:56,500,21.8,20.9,21.5
95,22/01/2021 10:56,0,21.8,20.8,21.5
96,22/01/2021 10:56,500,21.7,20.9,21.5
97,22/01/2021 10:56,0,21.8,20.9,21.5
98,22/01/2021 10:56,500,21.8,20.8,21.5
99,22/01/2021 10:56,0,21.8,20.9,21.5
100,22/01/2021 10:56,500,21.8,21,21.5
101,22/01/2021 10:56,0,21.8,20.9,21.5
102,22/01/2021 10:56,500,21.8,20.9,21.5
103,22/01/2021 10:56,0,21.8,21,21.5
104,22/01/2021 10:56,500,21.8,21,21.5
105,22/01/2021 10:56,0,21.8,21,21.6
106,22/01/2021 10:56,500,21.8,21,21.5
107,22/01/2021 10:56,0,21.8,21,21.5
108,22/01/2021 10:56,500,21.8,21,21.5
109,22/01/2021 10:56,0,21.8,20.9,21.6
110,22/01/2021 10:56,500,21.8,21,21.5
111,22/01/2021 10:56,0,21.8,21,21.5
112,22/01/2021 10:56,500,21.8,20.9,21.5
113,22/01/2021 10:56,0,21.8,21,21.6
114,22/01/2021 10:56,500,21.8,20.9,21.6
115,22/01/2021 10:56,0,21.8,21,21.6
116,22/01/2021 10:56,500,21.8,21,21.5
117,22/01/2021 10:56,0,21.8,21,21.6
118,22/01/2021 10:56,500,21.8,21,21.6
119,22/01/2021 10:56,0,21.9,20.9,21.6
120,22/01/2021 10:56,500,21.8,21,21.6
121,22/01/2021 10:56,0,21.8,21,21.6
122,22/01/2021 10:56,500,21.9,21,21.6
123,22/01/2021 10:56,0,21.9,21,21.6
124,22/01/2021 10:56,500,21.9,20.9,21.6
125,22/01/2021 10:56,0,21.8,20.9,21.6
126,22/01/2021 10:56,500,21.9,20.9,21.5
127,22/01/2021 10:56,0,21.9,20.9,21.5
128,22/01/2021 10:56,500,21.9,20.9,21.5
129,22/01/2021 10:56,0,21.9,20.9,21.5
130,22/01/2021 10:56,500,21.8,20.9,21.5
131,22/01/2021 10:56,0,21.8,20.9,21.5
132,22/01/2021 10:56,500,21.8,21,21.6
133,22/01/2021 10:56,0,21.9,21,21.6
134,22/01/2021 10:56,500,21.8,21,21.5
135,22/01/2021 10:56,0,21.9,21,21.5
136,22/01/2021 10:56,500,21.9,21,21.6
137,22/01/2021 10:56,0,21.9,21,21.5
138,22/01/2021 10:56,500,21.9,21,21.6
139,22/01/2021 10:56,0,21.9,20.9,21.6
140,22/01/2021 10:56,500,21.8,20.9,21.7
141,22/01/2021 10:56,0,21.9,20.9,21.7
142,22/01/2021 10:56,500,21.9,21,21.7
143,22/01/2021 10:56,0,21.9,21,21.8
144,22/01/2021 10:56,500,21.9,21,21.8
145,22/01/2021 10:56,0,21.9,21,21.8
146,22/01/2021 10:56,500,21.8,21,21.7
147,22/01/2021 10:56,0,21.9,21,21.7
148,22/01/2021 10:56,500,21.8,20.9,21.7
149,22/01/2021 10:56,0,21.8,20.9,21.7
150,22/01/2021 10:56,500,21.8,20.9,21.6
151,22/01/2021 10:56,0,21.8,20.9,21.7
152,22/01/2021 10:56,500,21.8,20.9,21.6
153,22/01/2021 10:56,0,21.8,20.9,21.8
154,22/01/2021 10:56,500,21.9,20.9,21.8
155,22/01/2021 10:56,0,21.8,20.9,21.8
156,22/01/2021 10:56,500,21.8,20.9,21.7
157,22/01/2021 10:56,0,21.8,20.9,21.7
158,22/01/2021 10:56,500,21.8,21,21.8
159,22/01/2021 10:56,0,21.8,21,21.7
160,22/01/2021 10:56,500,21.8,20.9,21.7
161,22/01/2021 10:56,0,21.8,20.8,21.6
162,22/01/2021 10:56,500,21.8,20.9,21.7
163,22/01/2021 10:56,0,21.8,20.9,21.8
164,22/01/2021 10:56,500,21.8,21,21.9
165,22/01/2021 10:56,0,21.8,21,21.9
166,22/01/2021 10:56,500,21.8,21,22
167,22/01/2021 10:56,0,21.9,21,22
168,22/01/2021 10:56,500,21.9,21.1,22.1
169,22/01/2021 10:56,0,21.8,21.1,22.1
170,22/01/2021 10:56,500,21.9,21,22.3
171,22/01/2021 10:56,0,21.8,21.2,22.2
172,22/01/2021 10:56,500,21.8,21.1,22.3
173,22/01/2021 10:56,0,21.9,21.2,22.2
174,22/01/2021 10:56,500,21.8,21.2,22.2
175,22/01/2021 10:56,0,21.9,21.2,22.2
176,22/01/2021 10:56,500,21.9,21.2,22.2
177,22/01/2021 10:56,0,22,21.2,22.3
178,22/01/2021 10:56,500,22,21.2,22.3
179,22/01/2021 10:56,0,22,21.2,22.4
180,22/01/2021 10:56,500,22,21.2,22.3
181,22/01/2021 10:56,0,22,21.2,22.3
182,22/01/2021 10:56,500,22,21.2,22.3
183,22/01/2021 10:56,0,22,21.2,22.3
184,22/01/2021 10:56,500,22,21.2,22.4
185,22/01/2021 10:56,0,22.1,21.2,22.4
186,22/01/2021 10:56,500,22,21.2,22.5
187,22/01/2021 10:56,0,22.1,21.2,22.5
188,22/01/2021 10:56,500,22.1,21.2,22.5
189,22/01/2021 10:56,0,22.1,21.3,22.4
190,22/01/2021 10:56,500,22.1,21.3,22.4
191,22/01/2021 10:56,0,22.1,21.3,22.4
192,22/01/2021 10:56,500,22.1,21.3,22.4
193,22/01/2021 10:56,0,22.1,21.3,22.5
194,22/01/2021 10:56,500,22.1,21.3,22.5
195,22/01/2021 10:56,0,22.1,21.3,22.6
196,22/01/2021 10:56,500,22.2,21.3,22.7
197,22/01/2021 10:56,0,22.1,21.3,22.6
198,22/01/2021 10:56,500,22.1,21.3,22.7
199,22/01/2021 10:56,0,22.1,21.3,22.6
200,22/01/2021 10:56,500,22.2,21.3,22.6
201,22/01/2021 10:56,0,22.1,21.3,22.5
202,22/01/2021 10:56,500,22.1,21.3,22.6
203,22/01/2021 10:57,0,22.2,21.3,22.6
204,22/01/2021 10:57,500,22.1,21.3,22.5
205,22/01/2021 10:57,0,22.1,21.3,22.5
206,22/01/2021 10:57,500,22.1,21.3,22.6
207,22/01/2021 10:57,0,22.1,21.3,22.6
208,22/01/2021 10:57,500,22.1,21.3,22.5
209,22/01/2021 10:57,0,22.2,21.4,22.5
210,22/01/2021 10:57,500,22.2,21.3,22.5
211,22/01/2021 10:57,0,22.1,21.3,22.5
212,22/01/2021 10:57,500,22.1,21.3,22.6
213,22/01/2021 10:57,0,22.2,21.3,22.5
214,22/01/2021 10:57,500,22.3,21.3,22.5
215,22/01/2021 10:57,0,22.2,21.4,22.5
216,22/01/2021 10:57,500,22.2,21.4,22.5
217,22/01/2021 10:57,0,22.2,21.4,22.5
218,22/01/2021 10:57,500,22.3,21.4,22.5
219,22/01/2021 10:57,0,22.2,21.5,22.5
220,22/01/2021 10:57,500,22.2,21.5,22.5
221,22/01/2021 10:57,0,22.3,21.5,22.5
222,22/01/2021 10:57,500,22.2,21.5,22.5
223,22/01/2021 10:57,0,22.2,21.5,22.6
224,22/01/2021 10:57,500,22.3,21.5,22.6
225,22/01/2021 10:57,0,22.3,21.5,22.5
226,22/01/2021 10:57,500,22.2,21.5,22.5
227,22/01/2021 10:57,0,22.2,21.5,22.5
228,22/01/2021 10:57,500,22.2,21.5,22.5
229,22/01/2021 10:57,0,22.3,21.5,22.6
230,22/01/2021 10:57,500,22.3,21.5,22.6
231,22/01/2021 10:57,0,22.2,21.5,22.5
232,22/01/2021 10:57,500,22.3,21.5,22.6
233,22/01/2021 10:57,0,22.3,21.5,22.6
234,22/01/2021 10:57,500,22.3,21.6,22.7
235,22/01/2021 10:57,0,22.3,21.5,22.8
236,22/01/2021 10:57,500,22.3,21.5,22.8
237,22/01/2021 10:57,0,22.3,21.5,22.8
238,22/01/2021 10:57,500,22.3,21.5,22.8
239,22/01/2021 10:57,0,22.3,21.6,22.8
240,22/01/2021 10:57,500,22.3,21.6,22.8
241,22/01/2021 10:57,0,22.3,21.6,22.8
242,22/01/2021 10:57,500,22.3,21.6,22.8
243,22/01/2021 10:57,0,22.3,21.6,22.8
244,22/01/2021 10:57,500,22.3,21.6,22.8
245,22/01/2021 10:57,0,22.3,21.6,22.8
246,22/01/2021 10:57,500,22.3,21.6,22.8
247,22/01/2021 10:57,0,22.3,21.6,22.8
248,22/01/2021 10:57,500,22.3,21.6,22.8
249,22/01/2021 10:57,0,22.3,21.7,22.7
250,22/01/2021 10:57,500,22.3,21.6,22.8
251,22/01/2021 10:57,0,22.3,21.6,22.7
252,22/01/2021 10:57,500,22.3,21.8,22.8
253,22/01/2021 10:57,0,22.3,21.8,22.7
254,22/01/2021 10:57,500,22.3,21.8,22.8
255,22/01/2021 10:57,0,22.3,21.7,22.8
256,22/01/2021 10:57,500,22.4,21.8,22.8
257,22/01/2021 10:57,0,22.4,21.8,22.8
258,22/01/2021 10:57,500,22.5,21.8,22.8
259,22/01/2021 10:57,0,22.3,21.8,22.8
260,22/01/2021 10:57,500,22.5,21.8,22.8
261,22/01/2021 10:57,0,22.5,21.8,22.8
262,22/01/2021 10:57,500,22.5,21.8,22.8
263,22/01/2021 10:57,0,22.5,21.8,22.8
264,22/01/2021 10:57,500,22.5,21.8,22.8
265,22/01/2021 10:57,0,22.5,21.8,22.8
266,22/01/2021 10:57,500,22.5,21.8,22.8
267,22/01/2021 10:57,0,22.5,21.8,22.8
268,22/01/2021 10:57,500,22.5,21.8,22.6
269,22/01/2021 10:57,0,22.5,21.8,22.6
270,22/01/2021 10:57,500,22.4,21.8,22.6
271,22/01/2021 10:57,0,22.5,21.8,22.6
272,22/01/2021 10:57,500,22.5,21.8,22.6
273,22/01/2021 10:57,0,22.5,21.8,22.6
274,22/01/2021 10:57,500,22.5,21.8,22.6
275,22/01/2021 10:57,0,22.5,21.8,22.6
276,22/01/2021 10:57,500,22.5,21.8,22.6
277,22/01/2021 10:57,0,22.6,21.9,22.6
278,22/01/2021 10:57,500,22.6,21.9,22.6
279,22/01/2021 10:57,0,22.6,21.8,22.6
280,22/01/2021 10:57,500,22.6,21.8,22.5
281,22/01/2021 10:57,0,22.6,21.8,22.6
282,22/01/2021 10:57,500,22.6,21.9,22.6
283,22/01/2021 10:57,0,22.6,21.8,22.6
284,22/01/2021 10:57,500,22.6,21.8,22.6
285,22/01/2021 10:57,0,22.6,21.9,22.5
286,22/01/2021 10:57,500,22.6,21.9,22.5
287,22/01/2021 10:57,0,22.6,21.9,22.5
288,22/01/2021 10:57,500,22.6,21.9,22.5
289,22/01/2021 10:57,0,22.6,21.9,22.5
290,22/01/2021 10:57,500,22.6,21.9,22.6
291,22/01/2021 10:57,0,22.6,22,22.6
292,22/01/2021 10:57,500,22.6,21.9,22.5
293,22/01/2021 10:57,0,22.6,21.8,22.6
294,22/01/2021 10:57,500,22.6,21.9,22.5
295,22/01/2021 10:57,0,22.6,21.9,22.5
296,22/01/2021 10:57,500,22.6,21.9,22.5
297,22/01/2021 10:57,0,22.6,21.9,22.5
298,22/01/2021 10:57,500,22.6,21.9,22.5
299,22/01/2021 10:57,0,22.6,21.9,22.5
300,22/01/2021 10:57,500,22.7,21.8,22.5
301,22/01/2021 10:57,0,22.6,22,22.5
302,22/01/2021 10:57,500,22.6,21.9,22.5
303,22/01/2021 10:57,0,22.6,22,22.5
304,22/01/2021 10:57,500,22.7,22,22.6
305,22/01/2021 10:57,0,22.6,22,22.6
306,22/01/2021 10:57,500,22.7,22,22.5
307,22/01/2021 10:57,0,22.7,22,22.6
308,22/01/2021 10:57,500,22.8,22.1,22.6
309,22/01/2021 10:57,0,22.8,22.1,22.7
310,22/01/2021 10:57,500,22.8,22.1,22.6
311,22/01/2021 10:57,0,22.8,22.1,22.7
312,22/01/2021 10:57,500,22.8,22.1,22.7
313,22/01/2021 10:57,0,22.8,22.1,22.8
314,22/01/2021 10:57,500,22.8,22.1,22.8
315,22/01/2021 10:57,0,22.8,22.1,22.8
316,22/01/2021 10:57,500,22.8,22.1,22.8
317,22/01/2021 10:57,0,22.8,22.1,22.8
318,22/01/2021 10:57,500,22.8,22.1,22.8
319,22/01/2021 10:57,0,22.8,22.1,22.9
320,22/01/2021 10:57,500,22.8,22.1,23
321,22/01/2021 10:57,0,22.8,22.1,22.9
322,22/01/2021 10:57,500,22.8,22.1,22.9
323,22/01/2021 10:58,0,22.8,22.2,22.9
324,22/01/2021 10:58,500,22.8,22.3,23
325,22/01/2021 10:58,0,22.8,22.3,23
326,22/01/2021 10:58,500,22.8,22.3,23
327,22/01/2021 10:58,0,22.8,22.2,22.9
328,22/01/2021 10:58,500,22.8,22.3,22.9
329,22/01/2021 10:58,0,22.9,22.3,23
330,22/01/2021 10:58,500,22.9,22.3,22.9
331,22/01/2021 10:58,0,22.9,22.3,22.9
332,22/01/2021 10:58,500,22.9,22.2,22.8
333,22/01/2021 10:58,0,22.9,22.3,22.8
334,22/01/2021 10:58,500,22.8,22.2,22.8
335,22/01/2021 10:58,0,22.9,22.3,22.8
336,22/01/2021 10:58,500,22.9,22.3,22.8
337,22/01/2021 10:58,0,22.9,22.3,22.8
338,22/01/2021 10:58,500,22.9,22.3,22.8
339,22/01/2021 10:58,0,22.9,22.3,22.8
340,22/01/2021 10:58,500,23,22.3,22.8
341,22/01/2021 10:58,0,22.9,22.3,22.8
342,22/01/2021 10:58,500,23,22.3,22.8
343,22/01/2021 10:58,0,22.9,22.3,22.8
344,22/01/2021 10:58,500,23,22.3,22.7
345,22/01/2021 10:58,0,22.9,22.3,22.7
346,22/01/2021 10:58,500,22.9,22.3,22.7
347,22/01/2021 10:58,0,23,22.3,22.7
348,22/01/2021 10:58,500,23,22.3,22.8
349,22/01/2021 10:58,0,23,22.3,22.8
350,22/01/2021 10:58,500,23,22.3,22.8
351,22/01/2021 10:58,0,23,22.3,22.8
352,22/01/2021 10:58,500,23,22.4,22.7
353,22/01/2021 10:58,0,23,22.3,22.8
354,22/01/2021 10:58,500,23,22.3,22.8
355,22/01/2021 10:58,0,23,22.3,22.7
356,22/01/2021 10:58,500,23,22.3,22.6
357,22/01/2021 10:58,0,23,22.3,22.7
358,22/01/2021 10:58,500,23,22.3,22.6
359,22/01/2021 10:58,0,23,22.3,22.6
360,22/01/2021 10:58,500,23,22.3,22.6
361,22/01/2021 10:58,0,23,22.3,22.6
362,22/01/2021 10:58,500,23,22.3,22.8
363,22/01/2021 10:58,0,23.1,22.3,24
364,22/01/2021 10:58,500,23.3,22.4,25.2
365,22/01/2021 10:58,0,23.6,22.4,26.5
366,22/01/2021 10:58,500,24.1,22.4,28.2
367,22/01/2021 10:58,0,24.6,22.5,29.7
368,22/01/2021 10:58,500,25.1,22.5,31.3
369,22/01/2021 10:58,0,25.7,22.5,32.5
370,22/01/2021 10:58,500,26.3,22.5,33.9
371,22/01/2021 10:58,0,26.9,22.5,34.9
372,22/01/2021 10:58,500,27.6,22.6,35.8
373,22/01/2021 10:58,0,28.2,22.6,36.7
374,22/01/2021 10:58,500,28.8,22.6,37.4
375,22/01/2021 10:58,0,29.5,22.6,38.3
376,22/01/2021 10:58,500,30.1,22.6,39
377,22/01/2021 10:58,0,30.8,22.7,39.6
378,22/01/2021 10:58,500,31.5,22.7,40.4
379,22/01/2021 10:58,0,32.1,22.8,41
380,22/01/2021 10:58,500,32.8,22.8,41.5
381,22/01/2021 10:58,0,33.5,22.8,42.1
382,22/01/2021 10:58,500,34.2,22.8,42.6
383,22/01/2021 10:58,0,34.9,22.9,43.1
384,22/01/2021 10:58,500,35.4,22.9,43.6
385,22/01/2021 10:58,0,36.2,23,44
386,22/01/2021 10:58,500,36.8,23,44.5
387,22/01/2021 10:58,0,37.5,23,45
388,22/01/2021 10:58,500,38.1,23,45.3
389,22/01/2021 10:58,0,38.8,23,45.8
390,22/01/2021 10:58,500,39.4,23,46.1
391,22/01/2021 10:58,0,40.1,23.1,46.6
392,22/01/2021 10:58,500,40.8,23.1,46.9
393,22/01/2021 10:58,0,41.4,23.1,47.2
394,22/01/2021 10:58,500,42,23.1,47.5
395,22/01/2021 10:58,0,42.6,23.1,47.8
396,22/01/2021 10:58,500,43.2,23.1,48.1
397,22/01/2021 10:58,0,43.8,23.2,48.3
398,22/01/2021 10:58,500,44.5,23.3,48.5
399,22/01/2021 10:58,0,45.1,23.3,48.8
400,22/01/2021 10:58,500,45.7,23.3,49
401,22/01/2021 10:58,0,46.3,23.4,49.2
402,22/01/2021 10:58,500,46.9,23.4,49.3
403,22/01/2021 10:58,0,47.5,23.4,49.5
404,22/01/2021 10:58,500,48.1,23.4,49.6
405,22/01/2021 10:58,0,48.7,23.5,49.7
406,22/01/2021 10:58,500,49.3,23.5,49.9
407,22/01/2021 10:58,0,50,23.5,49.9
408,22/01/2021 10:58,500,50.5,23.5,49.9
409,22/01/2021 10:58,0,51.1,23.6,50
410,22/01/2021 10:58,500,51.8,23.6,50.1
411,22/01/2021 10:58,0,52.4,23.6,50.2
412,22/01/2021 10:58,500,53,23.6,50.2
413,22/01/2021 10:58,0,53.6,23.6,50.5
414,22/01/2021 10:58,500,54.2,23.7,50.6
415,22/01/2021 10:58,0,54.7,23.7,51
416,22/01/2021 10:58,500,55.3,23.8,51.2
417,22/01/2021 10:58,0,56,23.8,51.1
418,22/01/2021 10:58,500,56.5,23.8,51.2
419,22/01/2021 10:58,0,57.1,23.8,51.1
420,22/01/2021 10:58,500,57.6,23.8,51.1
421,22/01/2021 10:58,0,58.3,23.9,51
422,22/01/2021 10:58,500,58.9,23.9,51.1
423,22/01/2021 10:58,0,59.4,23.9,51
424,22/01/2021 10:58,500,60,23.9,51
425,22/01/2021 10:58,0,60.6,23.9,51
426,22/01/2021 10:58,500,61.1,23.9,51
427,22/01/2021 10:58,0,61.7,23.9,51
428,22/01/2021 10:58,500,62.3,23.9,50.9
429,22/01/2021 10:58,0,62.7,24,51
430,22/01/2021 10:58,500,63.3,24,51
431,22/01/2021 10:58,0,63.9,24,51.1
432,22/01/2021 10:58,500,64.5,24,51.2
433,22/01/2021 10:58,0,65,24,51.3
434,22/01/2021 10:58,500,65.6,24.1,51.6
435,22/01/2021 10:58,0,66.1,24.1,51.8
436,22/01/2021 10:58,500,66.7,24.1,51.9
437,22/01/2021 10:58,0,67.1,24.1,52.2
438,22/01/2021 10:58,500,67.8,24.1,52.5
439,22/01/2021 10:58,0,68.3,24.2,53
440,22/01/2021 10:58,500,68.9,24.2,53.3
441,22/01/2021 10:58,0,69.4,24.2,53.4
442,22/01/2021 10:58,500,69.9,24.2,53.5
443,22/01/2021 10:59,0,70.5,24.3,53.6
444,22/01/2021 10:59,500,71.1,24.3,53.7
445,22/01/2021 10:59,0,71.6,24.3,53.7
446,22/01/2021 10:59,500,72.1,24.3,53.7
447,22/01/2021 10:59,0,72.6,24.3,53.6
448,22/01/2021 10:59,500,73.1,24.3,53.6
449,22/01/2021 10:59,0,73.7,24.3,53.5
450,22/01/2021 10:59,500,74.2,24.3,53.4
451,22/01/2021 10:59,0,74.8,24.4,53.6
452,22/01/2021 10:59,500,75.3,24.4,53.7
453,22/01/2021 10:59,0,75.7,24.4,53.8
454,22/01/2021 10:59,500,76.3,24.5,53.6
455,22/01/2021 10:59,0,76.8,24.4,53.6
456,22/01/2021 10:59,500,77.4,24.5,53.6
457,22/01/2021 10:59,0,77.9,24.5,53.6
458,22/01/2021 10:59,500,78.4,24.6,53.6
459,22/01/2021 10:59,0,78.9,24.6,53.5
460,22/01/2021 10:59,500,79.4,24.6,53.4
461,22/01/2021 10:59,0,80,24.6,53.3
462,22/01/2021 10:59,500,80.6,24.6,53.2
463,22/01/2021 10:59,0,81,24.6,53.2
464,22/01/2021 10:59,500,81.5,24.7,53.1
465,22/01/2021 10:59,0,82,24.7,53.2
466,22/01/2021 10:59,500,82.4,24.7,53.1
467,22/01/2021 10:59,0,83,24.7,53.1
468,22/01/2021 10:59,500,83.5,24.7,53.1
469,22/01/2021 10:59,0,83.9,24.8,53.1
470,22/01/2021 10:59,500,84.5,24.9,53.1
471,22/01/2021 10:59,0,85,24.9,53.1
472,22/01/2021 10:59,500,85.5,24.9,53.1
473,22/01/2021 10:59,0,86,24.9,53.1
474,22/01/2021 10:59,500,86.5,24.9,53
475,22/01/2021 10:59,0,87,25,52.9
476,22/01/2021 10:59,500,87.5,25,52.8
477,22/01/2021 10:59,0,87.9,25,52.8
478,22/01/2021 10:59,500,88.4,25,52.9
479,22/01/2021 10:59,0,88.9,25,53.1
480,22/01/2021 10:59,500,89.4,25,53.1
481,22/01/2021 10:59,0,89.8,25,53
482,22/01/2021 10:59,500,90.3,25.1,53.1
483,22/01/2021 10:59,0,90.8,25.1,53.1
484,22/01/2021 10:59,500,91.3,25.2,53.1
485,22/01/2021 10:59,0,91.8,25.2,53.1
486,22/01/2021 10:59,500,92.2,25.2,53.2
487,22/01/2021 10:59,0,92.8,25.3,53.3
488,22/01/2021 10:59,500,93.2,25.3,53.3
489,22/01/2021 10:59,0,93.6,25.3,53.3
490,22/01/2021 10:59,500,94.1,25.4,53.2
491,22/01/2021 10:59,0,94.6,25.4,53.1
492,22/01/2021 10:59,500,95,25.4,53.2
493,22/01/2021 10:59,0,95.4,25.4,53.3
494,22/01/2021 10:59,500,95.9,25.4,53.4
495,22/01/2021 10:59,0,96.4,25.4,53.4
496,22/01/2021 10:59,500,96.8,25.4,53.4
497,22/01/2021 10:59,0,97.2,25.5,53.5
498,22/01/2021 10:59,500,97.6,25.4,53.6
499,22/01/2021 10:59,0,98.1,25.5,53.5
500,22/01/2021 10:59,500,98.6,25.6,53.5
501,22/01/2021 10:59,0,99.1,25.6,53.5
502,22/01/2021 10:59,500,99.5,25.6,53.4
503,22/01/2021 10:59,0,99.9,25.7,53.4
504,22/01/2021 10:59,500,100.5,25.7,53.5
505,22/01/2021 10:59,0,100.9,25.7,53.5
506,22/01/2021 10:59,500,101.3,25.7,53.5
507,22/01/2021 10:59,0,101.8,25.8,53.5
508,22/01/2021 10:59,500,102.1,25.7,53.5
509,22/01/2021 10:59,0,102.6,25.7,53.6
510,22/01/2021 10:59,500,103,25.7,53.5
511,22/01/2021 10:59,0,103.5,25.7,53.5
512,22/01/2021 10:59,500,103.8,25.8,53.5
513,22/01/2021 10:59,0,104.3,25.8,53.5
514,22/01/2021 10:59,500,104.7,25.8,53.5
515,22/01/2021 10:59,0,105.1,25.9,53.4
516,22/01/2021 10:59,500,105.5,25.9,53.4
517,22/01/2021 10:59,0,105.9,25.9,53.3
518,22/01/2021 10:59,500,106.3,25.9,53.4
519,22/01/2021 10:59,0,106.8,26,53.5
520,22/01/2021 10:59,500,107.3,25.9,53.4
521,22/01/2021 10:59,0,107.6,26,53.3
522,22/01/2021 10:59,500,108,26,53.3
523,22/01/2021 10:59,0,108.5,26,53.4
524,22/01/2021 10:59,500,108.8,26.1,53.3
525,22/01/2021 10:59,0,109.3,26.1,53.5
526,22/01/2021 10:59,500,109.6,26.1,53.6
527,22/01/2021 10:59,0,110,26.1,53.6
528,22/01/2021 10:59,500,110.4,26.1,53.7
529,22/01/2021 10:59,0,110.8,26.2,53.8
530,22/01/2021 10:59,500,111.3,26.2,53.8
531,22/01/2021 10:59,0,111.6,26.2,53.7
532,22/01/2021 10:59,500,112.1,26.2,53.9
533,22/01/2021 10:59,0,112.5,26.2,54
534,22/01/2021 10:59,500,112.9,26.2,54.1
535,22/01/2021 10:59,0,113.3,26.3,54.1
536,22/01/2021 10:59,500,113.6,26.3,54.1
537,22/01/2021 10:59,0,114.1,26.2,54
538,22/01/2021 10:59,500,114.4,26.4,54
539,22/01/2021 10:59,0,114.9,26.4,54.1
540,22/01/2021 10:59,500,115.2,26.4,54.1
541,22/01/2021 10:59,0,115.6,26.4,54.2
542,22/01/2021 10:59,500,116,26.4,54.2
543,22/01/2021 10:59,0,116.4,26.5,54.2
544,22/01/2021 10:59,500,116.8,26.5,54.2
545,22/01/2021 10:59,0,117.1,26.5,54.2
546,22/01/2021 10:59,500,117.5,26.5,54.2
547,22/01/2021 10:59,0,117.9,26.5,54.2
548,22/01/2021 10:59,500,118.3,26.5,54
549,22/01/2021 10:59,0,118.6,26.6,54
550,22/01/2021 10:59,500,119,26.6,54
551,22/01/2021 10:59,0,119.4,26.6,54.1
552,22/01/2021 10:59,500,119.7,26.6,54.3
553,22/01/2021 10:59,0,120.2,26.7,54.4
554,22/01/2021 10:59,500,120.5,26.7,54.5
555,22/01/2021 10:59,0,120.8,26.7,54.6
556,22/01/2021 10:59,500,121.3,26.7,54.6
557,22/01/2021 10:59,0,121.6,26.8,54.6
558,22/01/2021 10:59,500,122,26.8,54.6
559,22/01/2021 10:59,0,122.4,26.8,54.8
560,22/01/2021 10:59,500,122.7,26.8,54.9
561,22/01/2021 10:59,0,123.1,26.9,54.9
562,22/01/2021 10:59,500,123.4,26.9,55.1
563,22/01/2021 11:00,0,123.8,26.9,55.1
564,22/01/2021 11:00,500,124.2,27,55.4
565,22/01/2021 11:00,0,124.6,27,55.6
566,22/01/2021 11:00,500,124.8,27,55.6
567,22/01/2021 11:00,0,125.2,27,55.5
568,22/01/2021 11:00,500,125.6,27,55.4
569,22/01/2021 11:00,0,125.9,27.1,55.4
570,22/01/2021 11:00,500,126.2,27,55.3
571,22/01/2021 11:00,0,126.5,27.2,55.3
572,22/01/2021 11:00,500,126.9,27,55.1
573,22/01/2021 11:00,0,127.2,27,55.1
574,22/01/2021 11:00,500,127.5,27.2,55
575,22/01/2021 11:00,0,127.8,27.2,54.9
576,22/01/2021 11:00,500,128.2,27.2,54.7
577,22/01/2021 11:00,0,128.5,27.2,54.6
578,22/01/2021 11:00,500,128.8,27.2,54.6
579,22/01/2021 11:00,0,129.1,27.3,54.6
580,22/01/2021 11:00,500,129.5,27.3,54.6
581,22/01/2021 11:00,0,129.8,27.3,54.5
582,22/01/2021 11:00,500,130.2,27.4,54.5
583,22/01/2021 11:00,0,130.5,27.4,54.5
584,22/01/2021 11:00,500,130.8,27.4,54.5
585,22/01/2021 11:00,0,131.1,27.4,54.5
586,22/01/2021 11:00,500,131.4,27.4,54.4
587,22/01/2021 11:00,0,131.7,27.4,54.3
588,22/01/2021 11:00,500,132.1,27.4,54.3
589,22/01/2021 11:00,0,132.4,27.4,54.3
590,22/01/2021 11:00,500,132.7,27.4,54.3
591,22/01/2021 11:00,0,133,27.5,54.3
592,22/01/2021 11:00,500,133.3,27.5,54.3
593,22/01/2021 11:00,0,133.6,27.5,54.3
594,22/01/2021 11:00,500,133.9,27.5,54.3
595,22/01/2021 11:00,0,134.3,27.5,54.3
596,22/01/2021 11:00,500,134.6,27.6,54.3
597,22/01/2021 11:00,0,134.9,27.6,54.3
598,22/01/2021 11:00,500,135.2,27.7,54.2
599,22/01/2021 11:00,0,135.6,27.7,54.1
600,22/01/2021 11:00,500,135.7,27.7,54.2
601,22/01/2021 11:00,0,136.1,27.7,54.3
602,22/01/2021 11:00,500,136.4,27.7,54.2
603,22/01/2021 11:00,0,136.7,27.7,54.2
604,22/01/2021 11:00,500,137,27.8,54.2
605,22/01/2021 11:00,0,137.2,27.8,53.9
606,22/01/2021 11:00,500,137.5,27.8,54
607,22/01/2021 11:00,0,137.9,27.8,54.1
608,22/01/2021 11:00,500,138.1,27.8,54
609,22/01/2021 11:00,0,138.4,27.8,54.1
610,22/01/2021 11:00,500,138.7,27.8,54.2
611,22/01/2021 11:00,0,139,27.9,54.3
612,22/01/2021 11:00,500,139.2,27.9,54.3
613,22/01/2021 11:00,0,139.5,27.9,54.3
614,22/01/2021 11:00,500,139.8,27.9,54.3
615,22/01/2021 11:00,0,140.1,27.9,54.3
616,22/01/2021 11:00,500,140.4,27.9,54.3
617,22/01/2021 11:00,0,140.7,27.9,54.3
618,22/01/2021 11:00,500,140.9,27.9,54.3
619,22/01/2021 11:00,0,141.2,28,54.3
620,22/01/2021 11:00,500,141.5,28,54.3
621,22/01/2021 11:00,0,141.7,28,54.3
622,22/01/2021 11:00,500,142,28,54.6
623,22/01/2021 11:00,0,142.3,28,54.5
624,22/01/2021 11:00,500,142.6,28.1,54.5
625,22/01/2021 11:00,0,142.8,28,54.5
626,22/01/2021 11:00,500,143.2,28.1,54.6
627,22/01/2021 11:00,0,143.4,28.1,54.6
628,22/01/2021 11:00,500,143.8,28.2,54.8
629,22/01/2021 11:00,0,143.9,28.2,55.1
630,22/01/2021 11:00,500,144.3,28.2,55.5
631,22/01/2021 11:00,0,144.5,28.2,55.6
632,22/01/2021 11:00,500,144.8,28.2,55.9
633,22/01/2021 11:00,0,145.1,28.3,56
634,22/01/2021 11:00,500,145.4,28.3,55.9
635,22/01/2021 11:00,0,145.6,28.3,55.9
636,22/01/2021 11:00,500,145.9,28.3,56.1
637,22/01/2021 11:00,0,146.1,28.3,56.2
638,22/01/2021 11:00,500,146.3,28.3,56.2
639,22/01/2021 11:00,0,146.6,28.3,56
640,22/01/2021 11:00,500,146.9,28.5,56
641,22/01/2021 11:00,0,147.1,28.5,56
642,22/01/2021 11:00,500,147.4,28.5,56
643,22/01/2021 11:00,0,147.6,28.5,55.9
644,22/01/2021 11:00,500,147.8,28.5,55.8
645,22/01/2021 11:00,0,148.1,28.6,55.8
646,22/01/2021 11:00,500,148.3,28.6,55.7
647,22/01/2021 11:00,0,148.5,28.6,55.6
648,22/01/2021 11:00,500,148.8,28.6,55.5
649,22/01/2021 11:00,0,149,28.6,55.4
650,22/01/2021 11:00,500,149.3,28.6,55.4
651,22/01/2021 11:00,0,149.6,28.7,55.5
652,22/01/2021 11:00,500,149.9,28.7,55.3
653,22/01/2021 11:00,0,150.1,28.7,55.4
654,22/01/2021 11:00,500,150.4,28.7,55.4
655,22/01/2021 11:00,0,150.6,28.8,55.5
656,22/01/2021 11:00,500,150.8,28.8,55.4
657,22/01/2021 11:00,0,151.1,28.8,55.4
658,22/01/2021 11:00,500,151.3,28.8,55.5
659,22/01/2021 11:00,0,151.6,28.8,55.6
660,22/01/2021 11:00,500,151.8,28.8,56
661,22/01/2021 11:00,0,152,28.8,56.1
662,22/01/2021 11:00,500,152.3,28.9,56.2
663,22/01/2021 11:00,0,152.5,29,56
664,22/01/2021 11:00,500,152.7,29,55.9
665,22/01/2021 11:00,0,153,29,55.9
666,22/01/2021 11:00,500,153.1,29,55.9
667,22/01/2021 11:00,0,153.4,29,55.9
668,22/01/2021 11:00,500,153.6,29,55.7
669,22/01/2021 11:00,0,154,29,55.6
670,22/01/2021 11:00,500,154.1,29,55.4
671,22/01/2021 11:00,0,154.3,29,55.4
672,22/01/2021 11:00,500,154.5,29,55.3
673,22/01/2021 11:00,0,154.8,29,55.2
674,22/01/2021 11:00,500,155,29.1,55.3
675,22/01/2021 11:00,0,155.2,29.1,55.5
676,22/01/2021 11:00,500,155.4,29.1,55.4
677,22/01/2021 11:00,0,155.7,29.2,55.5
678,22/01/2021 11:00,500,155.9,29.2,55.4
679,22/01/2021 11:00,0,156.1,29.2,55.6
680,22/01/2021 11:00,500,156.4,29.3,55.6
681,22/01/2021 11:00,0,156.6,29.3,55.5
682,22/01/2021 11:00,500,156.8,29.3,55.4
683,22/01/2021 11:01,0,157,29.3,55.4
684,22/01/2021 11:01,500,157.3,29.3,55.4
685,22/01/2021 11:01,0,157.4,29.4,55.3
686,22/01/2021 11:01,500,157.7,29.3,55.3
687,22/01/2021 11:01,0,157.9,29.4,55.3
688,22/01/2021 11:01,500,158.1,29.4,55.3
689,22/01/2021 11:01,0,158.2,29.4,55.4
690,22/01/2021 11:01,500,158.5,29.4,55.3
691,22/01/2021 11:01,0,158.7,29.5,55.3
692,22/01/2021 11:01,500,158.9,29.5,55.1
693,22/01/2021 11:01,0,159.1,29.5,55.1
694,22/01/2021 11:01,500,159.3,29.5,55
695,22/01/2021 11:01,0,159.6,29.6,55.1
696,22/01/2021 11:01,500,159.7,29.6,55.2
697,22/01/2021 11:01,0,160,29.6,55.3
698,22/01/2021 11:01,500,160.2,29.6,55.1
699,22/01/2021 11:01,0,160.4,29.6,55.1
700,22/01/2021 11:01,500,160.7,29.7,55.2
701,22/01/2021 11:01,0,160.8,29.8,55.3
702,22/01/2021 11:01,500,161,29.8,55.3
703,22/01/2021 11:01,0,161.2,29.8,55.3
704,22/01/2021 11:01,500,161.4,29.8,55.3
705,22/01/2021 11:01,0,161.6,29.8,55.4
706,22/01/2021 11:01,500,161.8,29.8,55.6
707,22/01/2021 11:01,0,162,29.9,55.5
708,22/01/2021 11:01,500,162.2,29.8,55.4
709,22/01/2021 11:01,0,162.4,29.8,55.6
710,22/01/2021 11:01,500,162.6,29.8,55.6
711,22/01/2021 11:01,0,162.8,29.9,55.6
712,22/01/2021 11:01,500,163,30,55.6
713,22/01/2021 11:01,0,163.2,30,55.6
714,22/01/2021 11:01,500,163.4,30,55.6
715,22/01/2021 11:01,0,163.5,30,55.6
716,22/01/2021 11:01,500,163.8,30.1,55.6
717,22/01/2021 11:01,0,164,30.1,55.7
718,22/01/2021 11:01,500,164.2,30.1,55.7
719,22/01/2021 11:01,0,164.4,30.1,56
720,22/01/2021 11:01,500,164.7,30.2,56.2
721,22/01/2021 11:01,0,164.8,30.2,56.3
722,22/01/2021 11:01,500,165,30.2,56.3
723,22/01/2021 11:01,0,165.1,30.2,56.3
724,22/01/2021 11:01,500,165.3,30.2,56.3
725,22/01/2021 11:01,0,165.5,30.2,56.2
726,22/01/2021 11:01,500,165.7,30.2,56.1
727,22/01/2021 11:01,0,165.8,30.3,55.9
728,22/01/2021 11:01,500,166,30.3,56.1
729,22/01/2021 11:01,0,166.3,30.3,56
730,22/01/2021 11:01,500,166.5,30.3,56.2
731,22/01/2021 11:01,0,166.6,30.3,56
732,22/01/2021 11:01,500,166.8,30.3,55.9
733,22/01/2021 11:01,0,167,30.3,55.8
734,22/01/2021 11:01,500,167.1,30.3,55.7
735,22/01/2021 11:01,0,167.3,30.5,55.7
736,22/01/2021 11:01,500,167.4,30.4,55.6
737,22/01/2021 11:01,0,167.7,30.4,55.6
738,22/01/2021 11:01,500,167.9,30.5,55.5
739,22/01/2021 11:01,0,168.1,30.5,55.5
740,22/01/2021 11:01,500,168.3,30.6,55.5
741,22/01/2021 11:01,0,168.4,30.6,55.5
742,22/01/2021 11:01,500,168.6,30.6,55.4
743,22/01/2021 11:01,0,168.8,30.6,55.4
744,22/01/2021 11:01,500,168.9,30.6,55.4
745,22/01/2021 11:01,0,169.1,30.6,55.5
746,22/01/2021 11:01,500,169.3,30.6,55.4
747,22/01/2021 11:01,0,169.5,30.7,55.5
748,22/01/2021 11:01,500,169.7,30.6,55.3
749,22/01/2021 11:01,0,169.8,30.7,55.4
750,22/01/2021 11:01,500,170.1,30.7,56
751,22/01/2021 11:01,0,170.2,30.7,56.1
752,22/01/2021 11:01,500,170.4,30.8,56.1
753,22/01/2021 11:01,0,170.5,30.8,56.2
754,22/01/2021 11:01,500,170.8,30.8,56.3
755,22/01/2021 11:01,0,170.9,30.8,56.3
756,22/01/2021 11:01,500,171.1,30.9,56.3
757,22/01/2021 11:01,0,171.2,30.9,56.3
758,22/01/2021 11:01,500,171.5,30.9,56.3
759,22/01/2021 11:01,0,171.6,31,56.3
760,22/01/2021 11:01,500,171.7,31,56.7
761,22/01/2021 11:01,0,172,31,56.7
762,22/01/2021 11:01,500,172.1,31,56.6
763,22/01/2021 11:01,0,172.3,31,56.7
764,22/01/2021 11:01,500,172.5,31.1,56.6
765,22/01/2021 11:01,0,172.7,31.1,56.5
766,22/01/2021 11:01,500,172.8,31.1,56.5
767,22/01/2021 11:01,0,173,31.1,56.4
768,22/01/2021 11:01,500,173.1,31.1,56.6
769,22/01/2021 11:01,0,173.2,31.1,56.7
770,22/01/2021 11:01,500,173.5,31.2,56.9
771,22/01/2021 11:01,0,173.6,31.3,56.8
772,22/01/2021 11:01,500,173.7,31.1,56.9
773,22/01/2021 11:01,0,173.9,31.2,56.9
774,22/01/2021 11:01,500,174,31.2,57.1
775,22/01/2021 11:01,0,174.1,31.2,57
776,22/01/2021 11:01,500,174.2,31.2,57.1
777,22/01/2021 11:01,0,174.4,31.3,57.4
778,22/01/2021 11:01,500,174.5,31.3,57.4
779,22/01/2021 11:01,0,174.7,31.3,57.5
780,22/01/2021 11:01,500,174.8,31.3,57.7
781,22/01/2021 11:01,0,175,31.4,57.9
782,22/01/2021 11:01,500,175.1,31.4,58.3
783,22/01/2021 11:01,0,175.3,31.4,58.5
784,22/01/2021 11:01,500,175.5,31.4,59.1
785,22/01/2021 11:01,0,175.5,31.4,58.9
786,22/01/2021 11:01,500,175.8,31.4,58.9
787,22/01/2021 11:01,0,175.8,31.4,58.9
788,22/01/2021 11:01,500,176.1,31.5,58.9
789,22/01/2021 11:01,0,176.2,31.5,58.8
790,22/01/2021 11:01,500,176.3,31.6,58.7
791,22/01/2021 11:01,0,176.5,31.6,58.5
792,22/01/2021 11:01,500,176.6,31.6,58.4
793,22/01/2021 11:01,0,176.7,31.6,58.2
794,22/01/2021 11:01,500,176.9,31.6,58
795,22/01/2021 11:01,0,177,31.7,57.8
796,22/01/2021 11:01,500,177.1,31.7,57.7
797,22/01/2021 11:01,0,177.3,31.8,57.8
798,22/01/2021 11:01,500,177.4,31.8,57.8
799,22/01/2021 11:01,0,177.6,31.8,57.7
800,22/01/2021 11:01,500,177.7,31.8,57.7
801,22/01/2021 11:01,0,177.8,31.8,57.5
802,22/01/2021 11:01,500,177.9,31.8,57.5
803,22/01/2021 11:02,0,178.1,31.8,57.5
804,22/01/2021 11:02,500,178.2,31.8,57.7
805,22/01/2021 11:02,0,178.3,31.8,57.5
806,22/01/2021 11:02,500,178.5,31.9,57.6
807,22/01/2021 11:02,0,178.6,31.9,57.7
808,22/01/2021 11:02,500,178.8,31.9,57.4
809,22/01/2021 11:02,0,178.9,31.9,57.3
810,22/01/2021 11:02,500,179,31.9,57.1
811,22/01/2021 11:02,0,179.2,31.9,56.8
812,22/01/2021 11:02,500,179.3,31.9,56.7
813,22/01/2021 11:02,0,179.3,31.9,56.7
814,22/01/2021 11:02,500,179.4,31.9,56.7
815,22/01/2021 11:02,0,179.6,32,56.7
816,22/01/2021 11:02,500,179.8,32,56.6
817,22/01/2021 11:02,0,179.9,32.1,56.6
818,22/01/2021 11:02,500,180,32.1,56.6
819,22/01/2021 11:02,0,180.1,32.1,56.6
820,22/01/2021 11:02,500,180.3,32.2,56.6
821,22/01/2021 11:02,0,180.4,32.2,56.5
822,22/01/2021 11:02,500,180.5,32.2,56.6
823,22/01/2021 11:02,0,180.7,32.2,56.5
824,22/01/2021 11:02,500,180.8,32.2,56.5
825,22/01/2021 11:02,0,180.9,32.2,56.4
826,22/01/2021 11:02,500,181.1,32.3,56.3
827,22/01/2021 11:02,0,181.2,32.3,56.4
828,22/01/2021 11:02,500,181.2,32.3,56.3
829,22/01/2021 11:02,0,181.3,32.3,56.3
830,22/01/2021 11:02,500,181.5,32.3,56.4
831,22/01/2021 11:02,0,181.6,32.3,56.5
832,22/01/2021 11:02,500,181.7,32.3,56.4
833,22/01/2021 11:02,0,181.8,32.3,56.5
834,22/01/2021 11:02,500,181.9,32.4,56.8
835,22/01/2021 11:02,0,182.1,32.4,56.7
836,22/01/2021 11:02,500,182.2,32.4,56.8
837,22/01/2021 11:02,0,182.3,32.4,56.8
838,22/01/2021 11:02,500,182.4,32.4,56.8
839,22/01/2021 11:02,0,182.5,32.4,56.8
840,22/01/2021 11:02,500,182.6,32.5,56.8
841,22/01/2021 11:02,0,182.7,32.6,56.6
842,22/01/2021 11:02,500,182.8,32.5,56.8
843,22/01/2021 11:02,0,183,32.6,56.8
844,22/01/2021 11:02,500,183.1,32.6,56.8
845,22/01/2021 11:02,0,183.2,32.6,56.7
846,22/01/2021 11:02,500,183.2,32.6,56.6
847,22/01/2021 11:02,0,183.4,32.6,56.6
848,22/01/2021 11:02,500,183.5,32.6,56.7
849,22/01/2021 11:02,0,183.6,32.7,56.6
850,22/01/2021 11:02,500,183.7,32.8,56.5
851,22/01/2021 11:02,0,183.9,32.8,56.7
852,22/01/2021 11:02,500,183.9,32.8,56.7
853,22/01/2021 11:02,0,184.1,32.8,56.7
854,22/01/2021 11:02,500,184.2,32.8,56.6
855,22/01/2021 11:02,0,184.3,32.9,56.5
856,22/01/2021 11:02,500,184.5,32.9,56.5
857,22/01/2021 11:02,0,184.6,32.9,56.6
858,22/01/2021 11:02,500,184.7,32.9,56.6
859,22/01/2021 11:02,0,184.8,32.9,56.7
860,22/01/2021 11:02,500,184.9,32.9,56.8
861,22/01/2021 11:02,0,185,33,56.9
862,22/01/2021 11:02,500,185.1,33,57.1
863,22/01/2021 11:02,0,185.3,33,57.1
864,22/01/2021 11:02,500,185.4,33,57.1
865,22/01/2021 11:02,0,185.5,33,57.1
866,22/01/2021 11:02,500,185.7,33,57.2
867,22/01/2021 11:02,0,185.8,33.1,57.1
868,22/01/2021 11:02,500,185.9,33.1,57.2
869,22/01/2021 11:02,0,185.9,33.1,57.3
870,22/01/2021 11:02,500,186.2,33.1,57.4
871,22/01/2021 11:02,0,186.2,33.2,57.4
872,22/01/2021 11:02,500,186.3,33.2,57.4
873,22/01/2021 11:02,0,186.4,33.2,57.3
874,22/01/2021 11:02,500,186.5,33.2,57.2
875,22/01/2021 11:02,0,186.6,33.2,57.2
876,22/01/2021 11:02,500,186.7,33.2,57.3
877,22/01/2021 11:02,0,186.8,33.3,57.4
878,22/01/2021 11:02,500,187,33.3,57.5
879,22/01/2021 11:02,0,187.1,33.3,57.5
880,22/01/2021 11:02,500,187.2,33.4,57.5
881,22/01/2021 11:02,0,187.3,33.4,57.3
882,22/01/2021 11:02,500,187.3,33.4,57.2
883,22/01/2021 11:02,0,187.5,33.4,57.3
884,22/01/2021 11:02,500,187.6,33.4,57.4
885,22/01/2021 11:02,0,187.7,33.4,57.4
886,22/01/2021 11:02,500,187.7,33.4,57.5
887,22/01/2021 11:02,0,187.9,33.4,57.3
888,22/01/2021 11:02,500,188,33.5,57.2
889,22/01/2021 11:02,0,188,33.5,57.2
890,22/01/2021 11:02,500,188.2,33.5,57.2
891,22/01/2021 11:02,0,188.2,33.6,57.2
892,22/01/2021 11:02,500,188.3,33.6,57.1
893,22/01/2021 11:02,0,188.5,33.6,57.2
894,22/01/2021 11:02,500,188.5,33.6,57.4
895,22/01/2021 11:02,0,188.7,33.6,57.4
896,22/01/2021 11:02,500,188.7,33.6,57.3
897,22/01/2021 11:02,0,188.8,33.7,57.3
898,22/01/2021 11:02,500,188.9,33.7,57.2
899,22/01/2021 11:02,0,189,33.7,57.2
900,22/01/2021 11:02,500,189.2,33.7,57.2
901,22/01/2021 11:02,0,189.3,33.7,57.4
902,22/01/2021 11:02,500,189.3,33.7,57.4
903,22/01/2021 11:02,0,189.4,33.8,57.4
904,22/01/2021 11:02,500,189.6,33.9,57.4
905,22/01/2021 11:02,0,189.6,33.9,57.4
906,22/01/2021 11:02,500,189.6,33.9,57.2
907,22/01/2021 11:02,0,189.8,33.9,57.3
908,22/01/2021 11:02,500,189.9,33.8,57.1
909,22/01/2021 11:02,0,190,33.9,57.1
910,22/01/2021 11:02,500,190,33.9,57.2
911,22/01/2021 11:02,0,190.1,34,57.2
912,22/01/2021 11:02,500,190.2,33.9,57
913,22/01/2021 11:02,0,190.3,34.1,56.9
914,22/01/2021 11:02,500,190.4,34.1,57.1
915,22/01/2021 11:02,0,190.5,34.1,57.1
916,22/01/2021 11:02,500,190.6,34.1,56.9
917,22/01/2021 11:02,0,190.6,34.2,57
918,22/01/2021 11:02,500,190.8,34.1,57.1
919,22/01/2021 11:02,0,190.8,34.2,56.9
920,22/01/2021 11:02,500,190.9,34.1,56.9
921,22/01/2021 11:02,0,191,34.2,56.9
922,22/01/2021 11:02,500,191.1,34.2,57
923,22/01/2021 11:03,0,191.2,34.2,57
924,22/01/2021 11:03,500,191.3,34.2,57.1
925,22/01/2021 11:03,0,191.3,34.2,57.1
926,22/01/2021 11:03,500,191.4,34.2,57
927,22/01/2021 11:03,0,191.6,34.2,56.9
928,22/01/2021 11:03,500,191.6,34.4,57.2
929,22/01/2021 11:03,0,191.7,34.3,57.2
930,22/01/2021 11:03,500,191.8,34.3,57.2
931,22/01/2021 11:03,0,191.9,34.4,57.2
932,22/01/2021 11:03,500,191.9,34.4,57.2
933,22/01/2021 11:03,0,192.1,34.4,57.3
934,22/01/2021 11:03,500,192.1,34.4,57.2
935,22/01/2021 11:03,0,192.3,34.4,57.2
936,22/01/2021 11:03,500,192.3,34.4,57.2
937,22/01/2021 11:03,0,192.4,34.4,57.1
938,22/01/2021 11:03,500,192.4,34.5,57.2
939,22/01/2021 11:03,0,192.6,34.5,57.2
940,22/01/2021 11:03,500,192.7,34.5,57.4
941,22/01/2021 11:03,0,192.8,34.6,57.2
942,22/01/2021 11:03,500,192.8,34.6,57.1
943,22/01/2021 11:03,0,192.9,34.6,57.2
944,22/01/2021 11:03,500,193.1,34.6,57.1
945,22/01/2021 11:03,0,193.1,34.6,57.1
946,22/01/2021 11:03,500,193.2,34.6,57.1
947,22/01/2021 11:03,0,193.3,34.6,57.4
948,22/01/2021 11:03,500,193.4,34.7,57.2
949,22/01/2021 11:03,0,193.4,34.7,57.2
950,22/01/2021 11:03,500,193.5,34.7,57.4
951,22/01/2021 11:03,0,193.6,34.7,57.4
952,22/01/2021 11:03,500,193.6,34.7,57.4
953,22/01/2021 11:03,0,193.7,34.7,57.2
954,22/01/2021 11:03,500,193.7,34.7,57.3
955,22/01/2021 11:03,0,193.7,34.8,57.4
956,22/01/2021 11:03,500,193.8,34.7,57.3
957,22/01/2021 11:03,0,193.9,34.7,57.3
958,22/01/2021 11:03,500,193.9,34.8,57.5
959,22/01/2021 11:03,0,194,34.8,57.4
960,22/01/2021 11:03,500,194.2,34.8,57.4
961,22/01/2021 11:03,0,194.3,34.9,57.4
962,22/01/2021 11:03,500,194.4,34.9,57.2
963,22/01/2021 11:03,0,194.4,34.9,57.2
964,22/01/2021 11:03,500,194.6,35,56.1
965,22/01/2021 11:03,0,194.3,35,55.1
966,22/01/2021 11:03,500,194.1,35,54
967,22/01/2021 11:03,0,193.9,35,52.8
968,22/01/2021 11:03,500,193.5,35,51.7
969,22/01/2021 11:03,0,193.1,35,50.5
970,22/01/2021 11:03,500,192.8,35,49.4
971,22/01/2021 11:03,0,192.3,35,48.5
972,22/01/2021 11:03,500,191.8,35,47.6
973,22/01/2021 11:03,0,191.3,35,46.8
974,22/01/2021 11:03,500,190.9,35,46.1
975,22/01/2021 11:03,0,190.4,35,45.4
976,22/01/2021 11:03,500,189.9,35,44.8
977,22/01/2021 11:03,0,189.4,35,44.1
978,22/01/2021 11:03,500,189,35,43.8
979,22/01/2021 11:03,0,188.5,34.9,43.3
980,22/01/2021 11:03,500,188,35,42.8
981,22/01/2021 11:03,0,187.5,35,42
982,22/01/2021 11:03,500,187.1,35,41.5
983,22/01/2021 11:03,0,186.7,35,40.9
984,22/01/2021 11:03,500,186.2,35,40.3
985,22/01/2021 11:03,0,185.6,35,39.8
986,22/01/2021 11:03,500,185.1,35,39.1
987,22/01/2021 11:03,0,184.7,35,38.8
988,22/01/2021 11:03,500,184.1,34.9,38.3
989,22/01/2021 11:03,0,183.7,34.9,38
990,22/01/2021 11:03,500,183.2,34.9,37.7
991,22/01/2021 11:03,0,182.7,34.9,37.5
992,22/01/2021 11:03,500,182.3,34.9,37.2
993,22/01/2021 11:03,0,181.9,34.9,37
994,22/01/2021 11:03,500,181.4,34.9,36.7
995,22/01/2021 11:03,0,180.9,34.9,36.4
996,22/01/2021 11:03,500,180.5,34.9,36.1
997,22/01/2021 11:03,0,180.1,34.9,35.7
998,22/01/2021 11:03,500,179.6,34.9,35.5
999,22/01/2021 11:03,0,179.1,34.9,35.3
1000,22/01/2021 11:03,500,178.7,34.8,35.2
1001,22/01/2021 11:03,0,178.2,34.9,34.9
1002,22/01/2021 11:03,500,177.7,34.8,34.7
1003,22/01/2021 11:03,0,177.3,34.9,34.7
1004,22/01/2021 11:03,500,176.8,34.9,34.7
1005,22/01/2021 11:03,0,176.4,34.8,34.7
1006,22/01/2021 11:03,500,176,34.8,34.6
1007,22/01/2021 11:03,0,175.5,34.9,34.4
1008,22/01/2021 11:03,500,175.2,34.8,34.3
1009,22/01/2021 11:03,0,174.7,34.9,34.2
1010,22/01/2021 11:03,500,174.2,34.9,34.1
1011,22/01/2021 11:03,0,173.9,34.8,33.9
1012,22/01/2021 11:03,500,173.4,34.8,33.7
1013,22/01/2021 11:03,0,172.9,34.8,33.4
1014,22/01/2021 11:03,500,172.5,34.9,33.3
1015,22/01/2021 11:03,0,172,34.9,33.1
1016,22/01/2021 11:03,500,171.6,34.8,32.9
1017,22/01/2021 11:03,0,171.1,34.9,32.9
1018,22/01/2021 11:03,500,170.7,34.8,32.8
1019,22/01/2021 11:03,0,170.2,34.8,32.6
1020,22/01/2021 11:03,500,169.8,34.8,32.4
1021,22/01/2021 11:03,0,169.4,34.9,32.3
1022,22/01/2021 11:03,500,168.9,34.8,32.2
1023,22/01/2021 11:03,0,168.4,34.8,32.1
1024,22/01/2021 11:03,500,168.1,34.8,32.1
1025,22/01/2021 11:03,0,167.6,34.8,31.9
1026,22/01/2021 11:03,500,167.3,34.8,31.9
1027,22/01/2021 11:03,0,166.8,34.8,31.8
1028,22/01/2021 11:03,500,166.5,34.8,31.6
1029,22/01/2021 11:03,0,166,34.7,31.8
1030,22/01/2021 11:03,500,165.6,34.8,31.6
1031,22/01/2021 11:03,0,165.1,34.8,31.4
1032,22/01/2021 11:03,500,164.7,34.8,31.4
1033,22/01/2021 11:03,0,164.3,34.7,31.3
1034,22/01/2021 11:03,500,163.8,34.7,31.2
1035,22/01/2021 11:03,0,163.4,34.7,31.1
1036,22/01/2021 11:03,500,163,34.8,31
1037,22/01/2021 11:03,0,162.7,34.9,31
1038,22/01/2021 11:03,500,162.3,34.7,30.9
1039,22/01/2021 11:03,0,161.9,34.8,30.8
1040,22/01/2021 11:03,500,161.5,34.8,30.6
1041,22/01/2021 11:03,0,161.1,34.8,30.6
1042,22/01/2021 11:03,500,160.7,34.7,30.6
1043,22/01/2021 11:04,0,160.3,34.8,30.7
1044,22/01/2021 11:04,500,159.8,34.8,30.7
1045,22/01/2021 11:04,0,159.4,34.8,30.6
1046,22/01/2021 11:04,500,159,34.7,30.6
1047,22/01/2021 11:04,0,158.6,34.8,30.6
1048,22/01/2021 11:04,500,158.2,34.7,30.5
1049,22/01/2021 11:04,0,157.8,34.7,30.5
1050,22/01/2021 11:04,500,157.4,34.7,30.3
1051,22/01/2021 11:04,0,157,34.7,30.3
1052,22/01/2021 11:04,500,156.6,34.7,30.2
1053,22/01/2021 11:04,0,156.3,34.7,30.1
1054,22/01/2021 11:04,500,155.8,34.7,30.1
1055,22/01/2021 11:04,0,155.4,34.7,30
1056,22/01/2021 11:04,500,155,34.7,29.9
1057,22/01/2021 11:04,0,154.6,34.7,29.8
1058,22/01/2021 11:04,500,154.3,34.7,29.7
1059,22/01/2021 11:04,0,153.9,34.7,29.6
1060,22/01/2021 11:04,500,153.5,34.7,29.5
1061,22/01/2021 11:04,0,153.1,34.7,29.5
1062,22/01/2021 11:04,500,152.7,34.7,29.4
1063,22/01/2021 11:04,0,152.3,34.7,29.3
1064,22/01/2021 11:04,500,152,34.7,29.3
1065,22/01/2021 11:04,0,151.6,34.7,29.3
1066,22/01/2021 11:04,500,151.2,34.8,29.2
1067,22/01/2021 11:04,0,150.8,34.8,29.2
1068,22/01/2021 11:04,500,150.4,34.8,29.2
1069,22/01/2021 11:04,0,150,34.8,29.1
1070,22/01/2021 11:04,500,149.7,34.8,29.1
1071,22/01/2021 11:04,0,149.3,34.7,29
1072,22/01/2021 11:04,500,148.9,34.8,29
1073,22/01/2021 11:04,0,148.5,34.8,28.9
1074,22/01/2021 11:04,500,148.2,34.7,28.9
1075,22/01/2021 11:04,0,147.9,34.8,28.8
1076,22/01/2021 11:04,500,147.6,34.8,28.8
1077,22/01/2021 11:04,0,147.2,34.8,28.8
1078,22/01/2021 11:04,500,146.9,34.8,28.8
1079,22/01/2021 11:04,0,146.5,34.8,28.8
1080,22/01/2021 11:04,500,146.2,34.8,28.8
1081,22/01/2021 11:04,0,145.9,34.8,28.8
1082,22/01/2021 11:04,500,145.5,34.8,28.7
1083,22/01/2021 11:04,0,145.1,34.8,28.7
1084,22/01/2021 11:04,500,144.8,34.9,28.7
1085,22/01/2021 11:04,0,144.4,34.9,28.7
1086,22/01/2021 11:04,500,144.1,34.9,28.8
1087,22/01/2021 11:04,0,143.8,34.9,29
1088,22/01/2021 11:04,500,143.5,34.9,29
1089,22/01/2021 11:04,0,143,34.9,29.5
1090,22/01/2021 11:04,500,142.7,34.9,30
1091,22/01/2021 11:04,0,142.5,34.9,30.4
1092,22/01/2021 11:04,500,142.1,34.9,30.6
1093,22/01/2021 11:04,0,142,34.9,31
1094,22/01/2021 11:04,500,141.7,34.9,32.1
1095,22/01/2021 11:04,0,141.5,35,32.6
1096,22/01/2021 11:04,500,141.3,35,34.1
1097,22/01/2021 11:04,0,141,35,34.3
1098,22/01/2021 11:04,500,140.8,35,35.2
1099,22/01/2021 11:04,0,140.6,35,36
1100,22/01/2021 11:04,500,140.3,35,36.2
1101,22/01/2021 11:04,0,140.2,35,36.7
1102,22/01/2021 11:04,500,140,35,36.8
1103,22/01/2021 11:04,0,139.8,35,36.5
1104,22/01/2021 11:04,500,139.5,35,36.1
1105,22/01/2021 11:04,0,139.3,35,35.9
1106,22/01/2021 11:04,500,139,35.1,36.4
1107,22/01/2021 11:04,0,138.8,35.1,36.2
1108,22/01/2021 11:04,500,138.7,35.1,36.6
1109,22/01/2021 11:04,0,138.4,35.1,37.5
1110,22/01/2021 11:04,500,138.2,35.1,38.5
1111,22/01/2021 11:04,0,138,35.1,39.3
1112,22/01/2021 11:04,500,137.8,35.2,39.7
1113,22/01/2021 11:04,0,137.5,35.2,39.5
1114,22/01/2021 11:04,500,137.4,35.2,39.5
1115,22/01/2021 11:04,0,137.2,35.2,39.9
1116,22/01/2021 11:04,500,136.9,35.1,40
1117,22/01/2021 11:04,0,136.7,35.2,40.3
1118,22/01/2021 11:04,500,136.5,35.2,40.8
1119,22/01/2021 11:04,0,136.4,35.2,41.2
1120,22/01/2021 11:04,500,136.1,35.2,41.5
1121,22/01/2021 11:04,0,136,35.2,42.5
1122,22/01/2021 11:04,500,135.8,35.2,43.2
1123,22/01/2021 11:04,0,135.6,35.3,43.8
1124,22/01/2021 11:04,500,135.4,35.2,43.5
1125,22/01/2021 11:04,0,135.2,35.2,43.7
1126,22/01/2021 11:04,500,135,35.3,43.4
1127,22/01/2021 11:04,0,134.9,35.3,43
1128,22/01/2021 11:04,500,134.7,35.4,42.8
1129,22/01/2021 11:04,0,134.4,35.4,42.4
1130,22/01/2021 11:04,500,134.3,35.4,42.9
1131,22/01/2021 11:04,0,134.1,35.4,43.8
1132,22/01/2021 11:04,500,133.9,35.4,44.9
1133,22/01/2021 11:04,0,133.8,35.4,44.7
1134,22/01/2021 11:04,500,133.6,35.4,44.4
1135,22/01/2021 11:04,0,133.5,35.5,44
1136,22/01/2021 11:04,500,133.3,35.5,44.7
1137,22/01/2021 11:04,0,133.1,35.5,44.3
1138,22/01/2021 11:04,500,133,35.5,43.8
1139,22/01/2021 11:04,0,132.8,35.5,43.4
1140,22/01/2021 11:04,500,132.6,35.5,43.1
1141,22/01/2021 11:04,0,132.4,35.5,42.8
1142,22/01/2021 11:04,500,132.2,35.5,43.2
1143,22/01/2021 11:04,0,132.1,35.5,43.7
1144,22/01/2021 11:04,500,131.8,35.6,43.5
1145,22/01/2021 11:04,0,131.7,35.6,44.1
1146,22/01/2021 11:04,500,131.5,35.6,44.5
1147,22/01/2021 11:04,0,131.3,35.6,44.4
1148,22/01/2021 11:04,500,131.1,35.7,44.7
1149,22/01/2021 11:04,0,131,35.7,44.9
1150,22/01/2021 11:04,500,130.8,35.7,44.6
1151,22/01/2021 11:04,0,130.7,35.7,44.6
1152,22/01/2021 11:04,500,130.5,35.7,44.4
1153,22/01/2021 11:04,0,130.3,35.7,44.4
1154,22/01/2021 11:04,500,130.1,35.7,44.1
1155,22/01/2021 11:04,0,129.9,35.7,43.7
1156,22/01/2021 11:04,500,129.7,35.7,44
1157,22/01/2021 11:04,0,129.6,35.7,44.3
1158,22/01/2021 11:04,500,129.4,35.7,44.1
1159,22/01/2021 11:04,0,129.2,35.7,44
1160,22/01/2021 11:04,500,129.1,35.8,43.7
1161,22/01/2021 11:04,0,128.9,35.8,44.4
1162,22/01/2021 11:04,500,128.7,35.8,44.4
1163,22/01/2021 11:05,0,128.5,35.9,44.9
1164,22/01/2021 11:05,500,128.3,35.8,45.5
1165,22/01/2021 11:05,0,128.2,35.8,45.9
1166,22/01/2021 11:05,500,128,35.8,45.9
1167,22/01/2021 11:05,0,127.8,35.9,45.6
1168,22/01/2021 11:05,500,127.7,35.8,45.6
1169,22/01/2021 11:05,0,127.5,35.9,45.6
1170,22/01/2021 11:05,500,127.3,35.9,45.8
1171,22/01/2021 11:05,0,127.1,35.9,46.3
1172,22/01/2021 11:05,500,127,35.9,46.4
1173,22/01/2021 11:05,0,126.9,35.9,46.9
1174,22/01/2021 11:05,500,126.7,35.9,46.7
1175,22/01/2021 11:05,0,126.6,35.9,46.6
1176,22/01/2021 11:05,500,126.4,35.9,46.6
1177,22/01/2021 11:05,0,126.3,35.9,46.3
1178,22/01/2021 11:05,500,126,36,46.1
1179,22/01/2021 11:05,0,125.9,36,46.1
1180,22/01/2021 11:05,500,125.7,35.9,45.8
1181,22/01/2021 11:05,0,125.5,35.9,45.3
1182,22/01/2021 11:05,500,125.3,35.9,44.9
1183,22/01/2021 11:05,0,125.2,35.9,44.5
1184,22/01/2021 11:05,500,124.9,35.9,44.3
1185,22/01/2021 11:05,0,124.8,35.9,43.7
1186,22/01/2021 11:05,500,124.7,36,43.7
1187,22/01/2021 11:05,0,124.4,36,43.2
1188,22/01/2021 11:05,500,124.4,36,42.9
1189,22/01/2021 11:05,0,124.1,36,42.4
1190,22/01/2021 11:05,500,124,36,42.2
1191,22/01/2021 11:05,0,123.9,36,43.1
1192,22/01/2021 11:05,500,123.7,36.1,43.5
1193,22/01/2021 11:05,0,123.6,36.1,43.4
1194,22/01/2021 11:05,500,123.3,36.1,43.2
1195,22/01/2021 11:05,0,123.3,36,42.9
1196,22/01/2021 11:05,500,123,36.1,43.3
1197,22/01/2021 11:05,0,122.9,36.1,43.3
1198,22/01/2021 11:05,500,122.7,36.1,43.7
1199,22/01/2021 11:05,0,122.5,36.2,44.1
1200,22/01/2021 11:05,500,122.4,36.2,44.7
1201,22/01/2021 11:05,0,122.2,36.2,45.1
1202,22/01/2021 11:05,500,122.1,36.2,44.9
1203,22/01/2021 11:05,0,121.9,36.1,45.1
1204,22/01/2021 11:05,500,121.8,36.1,45
1205,22/01/2021 11:05,0,121.6,36.2,44.9
1206,22/01/2021 11:05,500,121.4,36.2,45.6